candidate_name,resume_text,job_role,skills,experience_years
Lucas Adams,"Results-driven Data Analyst bringing 1 years of industry experience. Proficient in Pandas, Python, Power BI, Statistics, Data Cleaning, R. Always looking to learn and grow in a dynamic environment.",Data Analyst,"Pandas, Python, Power BI, Statistics, Data Cleaning, R",1
James Hall,"Results-driven Backend Developer bringing 13 years of industry experience. Proficient in C#, SQL, Redis, Go. Always looking to learn and grow in a dynamic environment.",Backend Developer,"C#, SQL, Redis, Go",13
Arthur Moore,"I am a Python Developer with 12 years of experience. I have strong expertise in Python, Django, Linux, SQLAlchemy, Flask. I have successfully delivered multiple projects and am eager to contribute my skills.",Python Developer,"Python, Django, Linux, SQLAlchemy, Flask",12
Jane Martin,"Experienced Python Developer skilled in SQLAlchemy, Python, FastAPI, Django, Git. Over 2 years of hands-on experience building robust solutions and working collaboratively in agile teams.",Python Developer,"SQLAlchemy, Python, FastAPI, Django, Git",2
Benjamin Lopez,"I am a Machine Learning Engineer with 13 years of experience. I have strong expertise in Deep Learning, Keras, AWS, MLOps. I have successfully delivered multiple projects and am eager to contribute my skills.",Machine Learning Engineer,"Deep Learning, Keras, AWS, MLOps",13
Charlotte Allen,"Experienced Frontend Developer skilled in CSS, Webpack, Redux. Over 4 years of hands-on experience building robust solutions and working collaboratively in agile teams.",Frontend Developer,"CSS, Webpack, Redux",4
Jane Hill,"I am a Data Analyst with 7 years of experience. I have strong expertise in SQL, Power BI, R, Excel, Python, Data Cleaning. I have successfully delivered multiple projects and am eager to contribute my skills.",Data Analyst,"SQL, Power BI, R, Excel, Python, Data Cleaning",7
Lucas Hall,"I am a Backend Developer with 11 years of experience. I have strong expertise in Spring Boot, Python, Docker, Go. I have successfully delivered multiple projects and am eager to contribute my skills.",Backend Developer,"Spring Boot, Python, Docker, Go",11
Mason Williams,"Experienced Python Developer skilled in Testing, FastAPI, SQLAlchemy, Python, PostgreSQL. Over 5 years of hands-on experience building robust solutions and working collaboratively in agile teams.",Python Developer,"Testing, FastAPI, SQLAlchemy, Python, PostgreSQL",5
Alice Hernandez,"Dedicated professional working as a Machine Learning Engineer for 12 years. My core competencies include NLP, Keras, TensorFlow, MLOps. I enjoy tackling challenging tasks and delivering high-quality results.",Machine Learning Engineer,"NLP, Keras, TensorFlow, MLOps",12
John Martinez,"Passionate Backend Developer with a solid foundation in SQL, MongoDB, Spring Boot, Redis. With 11 years of professional background, I focus on writing clean, maintainable code and solving complex problems.",Backend Developer,"SQL, MongoDB, Spring Boot, Redis",11
Victor Brown,"Experienced Machine Learning Engineer skilled in NLP, Deep Learning, AWS, Python. Over 6 years of hands-on experience building robust solutions and working collaboratively in agile teams.",Machine Learning Engineer,"NLP, Deep Learning, AWS, Python",6
Charlotte Davis,"Passionate Frontend Developer with a solid foundation in Redux, Webpack, HTML, Tailwind CSS. With 10 years of professional background, I focus on writing clean, maintainable code and solving complex problems.",Frontend Developer,"Redux, Webpack, HTML, Tailwind CSS",10
Trent Clark,"I am a Python Developer with 12 years of experience. I have strong expertise in Linux, Git, Testing, PostgreSQL, Docker. I have successfully delivered multiple projects and am eager to contribute my skills.",Python Developer,"Linux, Git, Testing, PostgreSQL, Docker",12
Mason Lewis,"Experienced Machine Learning Engineer skilled in TensorFlow, Pandas, Computer Vision. Over 14 years of hands-on experience building robust solutions and working collaboratively in agile teams.",Machine Learning Engineer,"TensorFlow, Pandas, Computer Vision",14
Sam Jackson,"Experienced Python Developer skilled in FastAPI, Testing, PostgreSQL. Over 12 years of hands-on experience building robust solutions and working collaboratively in agile teams.",Python Developer,"FastAPI, Testing, PostgreSQL",12
Charlotte Scott,"Passionate Frontend Developer with a solid foundation in Angular, JavaScript, TypeScript, Bootstrap, Tailwind CSS, Webpack. With 12 years of professional background, I focus on writing clean, maintainable code and solving complex problems.",Frontend Developer,"Angular, JavaScript, TypeScript, Bootstrap, Tailwind CSS, Webpack",12
Ivan Taylor,"Passionate Backend Developer with a solid foundation in Spring Boot, MongoDB, Node.js. With 8 years of professional background, I focus on writing clean, maintainable code and solving complex problems.",Backend Developer,"Spring Boot, MongoDB, Node.js",8
Sophia King,"Experienced Python Developer skilled in SQLAlchemy, Django, Testing, Flask. Over 15 years of hands-on experience building robust solutions and working collaboratively in agile teams.",Python Developer,"SQLAlchemy, Django, Testing, Flask",15
John Jones,"Results-driven Backend Developer bringing 14 years of industry experience. Proficient in Java, Spring Boot, Node.js, Go, Python. Always looking to learn and grow in a dynamic environment.",Backend Developer,"Java, Spring Boot, Node.js, Go, Python",14
Grace Lee,"Results-driven Backend Developer bringing 12 years of industry experience. Proficient in C#, Go, Python, Docker. Always looking to learn and grow in a dynamic environment.",Backend Developer,"C#, Go, Python, Docker",12
Arthur Martin,"Experienced Backend Developer skilled in SQL, Spring Boot, Microservices, Python. Over 2 years of hands-on experience building robust solutions and working collaboratively in agile teams.",Backend Developer,"SQL, Spring Boot, Microservices, Python",2
Isabella Thomas,"Results-driven Machine Learning Engineer bringing 9 years of industry experience. Proficient in TensorFlow, Python, Deep Learning, AWS. Always looking to learn and grow in a dynamic environment.",Machine Learning Engineer,"TensorFlow, Python, Deep Learning, AWS",9
Frank Rodriguez,"Experienced Data Analyst skilled in Tableau, R, Power BI. Over 1 years of hands-on experience building robust solutions and working collaboratively in agile teams.",Data Analyst,"Tableau, R, Power BI",1
Emma Brown,"Experienced Machine Learning Engineer skilled in Deep Learning, PyTorch, Scikit-Learn. Over 3 years of hands-on experience building robust solutions and working collaboratively in agile teams.",Machine Learning Engineer,"Deep Learning, PyTorch, Scikit-Learn",3
Alice Thomas,"Experienced Backend Developer skilled in Microservices, Python, Express, Go. Over 3 years of hands-on experience building robust solutions and working collaboratively in agile teams.",Backend Developer,"Microservices, Python, Express, Go",3
Bob Adams,"Results-driven Machine Learning Engineer bringing 9 years of industry experience. Proficient in PyTorch, Computer Vision, AWS, Pandas. Always looking to learn and grow in a dynamic environment.",Machine Learning Engineer,"PyTorch, Computer Vision, AWS, Pandas",9
Ava Wright,"I am a Backend Developer with 2 years of experience. I have strong expertise in MongoDB, .NET, Node.js, Express, Spring Boot. I have successfully delivered multiple projects and am eager to contribute my skills.",Backend Developer,"MongoDB, .NET, Node.js, Express, Spring Boot",2
Peggy Lee,"Results-driven Backend Developer bringing 8 years of industry experience. Proficient in C#, Node.js, Microservices. Always looking to learn and grow in a dynamic environment.",Backend Developer,"C#, Node.js, Microservices",8
James Anderson,"Passionate Backend Developer with a solid foundation in Docker, Python, Java, C#, Redis. With 11 years of professional background, I focus on writing clean, maintainable code and solving complex problems.",Backend Developer,"Docker, Python, Java, C#, Redis",11
Frank Wright,"I am a Machine Learning Engineer with 5 years of experience. I have strong expertise in Scikit-Learn, Pandas, AWS, PyTorch. I have successfully delivered multiple projects and am eager to contribute my skills.",Machine Learning Engineer,"Scikit-Learn, Pandas, AWS, PyTorch",5
Emma Clark,"I am a Data Analyst with 7 years of experience. I have strong expertise in Data Cleaning, Data Visualization, Power BI, Python, R. I have successfully delivered multiple projects and am eager to contribute my skills.",Data Analyst,"Data Cleaning, Data Visualization, Power BI, Python, R",7
Harper Hill,"Results-driven Python Developer bringing 8 years of industry experience. Proficient in PostgreSQL, FastAPI, Linux, Git. Always looking to learn and grow in a dynamic environment.",Python Developer,"PostgreSQL, FastAPI, Linux, Git",8
William Thompson,"Passionate Data Analyst with a solid foundation in R, Python, Data Cleaning, SQL, Power BI, Pandas. With 1 years of professional background, I focus on writing clean, maintainable code and solving complex problems.",Data Analyst,"R, Python, Data Cleaning, SQL, Power BI, Pandas",1
Noah Smith,"Results-driven Python Developer bringing 13 years of industry experience. Proficient in Git, Python, REST API, SQLAlchemy, Testing. Always looking to learn and grow in a dynamic environment.",Python Developer,"Git, Python, REST API, SQLAlchemy, Testing",13
Eve Allen,"I am a Frontend Developer with 5 years of experience. I have strong expertise in HTML, CSS, Tailwind CSS, Webpack, React. I have successfully delivered multiple projects and am eager to contribute my skills.",Frontend Developer,"HTML, CSS, Tailwind CSS, Webpack, React",5
Victor Thompson,"Dedicated professional working as a Backend Developer for 5 years. My core competencies include Node.js, Java, Go, Python, MongoDB, Redis. I enjoy tackling challenging tasks and delivering high-quality results.",Backend Developer,"Node.js, Java, Go, Python, MongoDB, Redis",5
Judy Wilson,"Results-driven Python Developer bringing 10 years of industry experience. Proficient in REST API, Docker, Django, Python. Always looking to learn and grow in a dynamic environment.",Python Developer,"REST API, Docker, Django, Python",10
Ivan Davis,"Experienced Python Developer skilled in Testing, Flask, SQLAlchemy, REST API, Django. Over 9 years of hands-on experience building robust solutions and working collaboratively in agile teams.",Python Developer,"Testing, Flask, SQLAlchemy, REST API, Django",9
Ethan Harris,"Experienced Backend Developer skilled in .NET, Go, C#, Microservices. Over 12 years of hands-on experience building robust solutions and working collaboratively in agile teams.",Backend Developer,".NET, Go, C#, Microservices",12
Lucas Brown,"Dedicated professional working as a Python Developer for 7 years. My core competencies include SQLAlchemy, Django, Linux. I enjoy tackling challenging tasks and delivering high-quality results.",Python Developer,"SQLAlchemy, Django, Linux",7
Emma White,"Dedicated professional working as a Python Developer for 3 years. My core competencies include Docker, SQLAlchemy, REST API, Flask, Python. I enjoy tackling challenging tasks and delivering high-quality results.",Python Developer,"Docker, SQLAlchemy, REST API, Flask, Python",3
Emma Lee,"Results-driven Machine Learning Engineer bringing 15 years of industry experience. Proficient in Scikit-Learn, AWS, TensorFlow, Computer Vision, Python. Always looking to learn and grow in a dynamic environment.",Machine Learning Engineer,"Scikit-Learn, AWS, TensorFlow, Computer Vision, Python",15
Mason Brown,"Dedicated professional working as a Python Developer for 9 years. My core competencies include SQLAlchemy, Linux, Python, REST API, Flask, PostgreSQL. I enjoy tackling challenging tasks and delivering high-quality results.",Python Developer,"SQLAlchemy, Linux, Python, REST API, Flask, PostgreSQL",9
Olivia Jones,"Results-driven Backend Developer bringing 10 years of industry experience. Proficient in Microservices, Docker, Spring Boot, Node.js. Always looking to learn and grow in a dynamic environment.",Backend Developer,"Microservices, Docker, Spring Boot, Node.js",10
Mia Rodriguez,"Dedicated professional working as a Machine Learning Engineer for 12 years. My core competencies include Keras, Computer Vision, NLP, PyTorch, MLOps. I enjoy tackling challenging tasks and delivering high-quality results.",Machine Learning Engineer,"Keras, Computer Vision, NLP, PyTorch, MLOps",12
Amelia Martinez,"Passionate Machine Learning Engineer with a solid foundation in Computer Vision, PyTorch, Pandas, Deep Learning, MLOps, NLP. With 2 years of professional background, I focus on writing clean, maintainable code and solving complex problems.",Machine Learning Engineer,"Computer Vision, PyTorch, Pandas, Deep Learning, MLOps, NLP",2
Bob Miller,"Experienced Backend Developer skilled in Microservices, Spring Boot, Node.js, Redis, C#, MongoDB. Over 15 years of hands-on experience building robust solutions and working collaboratively in agile teams.",Backend Developer,"Microservices, Spring Boot, Node.js, Redis, C#, MongoDB",15
Diana Johnson,"Results-driven Data Analyst bringing 3 years of industry experience. Proficient in Pandas, Statistics, SQL. Always looking to learn and grow in a dynamic environment.",Data Analyst,"Pandas, Statistics, SQL",3
Victor Garcia,"Experienced Python Developer skilled in Linux, Testing, SQLAlchemy, Docker. Over 3 years of hands-on experience building robust solutions and working collaboratively in agile teams.",Python Developer,"Linux, Testing, SQLAlchemy, Docker",3
Grace Lopez,"Passionate Backend Developer with a solid foundation in C#, Java, SQL, Go, Redis. With 1 years of professional background, I focus on writing clean, maintainable code and solving complex problems.",Backend Developer,"C#, Java, SQL, Go, Redis",1
Grace Robinson,"Results-driven Data Analyst bringing 3 years of industry experience. Proficient in Data Cleaning, Pandas, Data Visualization. Always looking to learn and grow in a dynamic environment.",Data Analyst,"Data Cleaning, Pandas, Data Visualization",3
Charlie Lopez,"Passionate Data Analyst with a solid foundation in Python, Statistics, Excel. With 2 years of professional background, I focus on writing clean, maintainable code and solving complex problems.",Data Analyst,"Python, Statistics, Excel",2
Harper Thomas,"Results-driven Backend Developer bringing 1 years of industry experience. Proficient in Node.js, Microservices, Express. Always looking to learn and grow in a dynamic environment.",Backend Developer,"Node.js, Microservices, Express",1
Diana Johnson,"Dedicated professional working as a Frontend Developer for 10 years. My core competencies include Redux, HTML, CSS, Tailwind CSS, TypeScript. I enjoy tackling challenging tasks and delivering high-quality results.",Frontend Developer,"Redux, HTML, CSS, Tailwind CSS, TypeScript",10
Heidi Clark,"Results-driven Backend Developer bringing 5 years of industry experience. Proficient in Go, Microservices, Docker, Redis, Java, Express. Always looking to learn and grow in a dynamic environment.",Backend Developer,"Go, Microservices, Docker, Redis, Java, Express",5
Jane Hernandez,"I am a Frontend Developer with 1 years of experience. I have strong expertise in Tailwind CSS, Bootstrap, TypeScript. I have successfully delivered multiple projects and am eager to contribute my skills.",Frontend Developer,"Tailwind CSS, Bootstrap, TypeScript",1
Walter Lopez,"Passionate Backend Developer with a solid foundation in SQL, Spring Boot, Microservices. With 15 years of professional background, I focus on writing clean, maintainable code and solving complex problems.",Backend Developer,"SQL, Spring Boot, Microservices",15
William Hall,"Results-driven Backend Developer bringing 5 years of industry experience. Proficient in .NET, Go, C#. Always looking to learn and grow in a dynamic environment.",Backend Developer,".NET, Go, C#",5
Grace Wilson,"Results-driven Machine Learning Engineer bringing 12 years of industry experience. Proficient in Keras, Computer Vision, PyTorch, NLP, AWS, Python. Always looking to learn and grow in a dynamic environment.",Machine Learning Engineer,"Keras, Computer Vision, PyTorch, NLP, AWS, Python",12
Diana Lewis,"Experienced Backend Developer skilled in Express, Python, Microservices, Go, Java. Over 5 years of hands-on experience building robust solutions and working collaboratively in agile teams.",Backend Developer,"Express, Python, Microservices, Go, Java",5
Alice Moore,"Dedicated professional working as a Data Analyst for 9 years. My core competencies include Statistics, Tableau, SQL, Power BI. I enjoy tackling challenging tasks and delivering high-quality results.",Data Analyst,"Statistics, Tableau, SQL, Power BI",9
Charlie Thompson,"Dedicated professional working as a Python Developer for 9 years. My core competencies include FastAPI, Flask, PostgreSQL, Django, Testing, Git. I enjoy tackling challenging tasks and delivering high-quality results.",Python Developer,"FastAPI, Flask, PostgreSQL, Django, Testing, Git",9
Mason Anderson,"Experienced Frontend Developer skilled in TypeScript, Webpack, HTML. Over 10 years of hands-on experience building robust solutions and working collaboratively in agile teams.",Frontend Developer,"TypeScript, Webpack, HTML",10
John Robinson,"Dedicated professional working as a Machine Learning Engineer for 8 years. My core competencies include MLOps, Deep Learning, Keras, Scikit-Learn. I enjoy tackling challenging tasks and delivering high-quality results.",Machine Learning Engineer,"MLOps, Deep Learning, Keras, Scikit-Learn",8
Benjamin Moore,"Experienced Data Analyst skilled in R, SQL, Tableau. Over 6 years of hands-on experience building robust solutions and working collaboratively in agile teams.",Data Analyst,"R, SQL, Tableau",6
Mallory Garcia,"Experienced Data Analyst skilled in Statistics, R, Pandas, Python. Over 4 years of hands-on experience building robust solutions and working collaboratively in agile teams.",Data Analyst,"Statistics, R, Pandas, Python",4
John White,"Experienced Frontend Developer skilled in Tailwind CSS, CSS, HTML, React. Over 12 years of hands-on experience building robust solutions and working collaboratively in agile teams.",Frontend Developer,"Tailwind CSS, CSS, HTML, React",12
Mason Garcia,"Results-driven Machine Learning Engineer bringing 2 years of industry experience. Proficient in Computer Vision, Deep Learning, Keras, NLP, TensorFlow. Always looking to learn and grow in a dynamic environment.",Machine Learning Engineer,"Computer Vision, Deep Learning, Keras, NLP, TensorFlow",2
Grace King,"I am a Backend Developer with 4 years of experience. I have strong expertise in Node.js, Spring Boot, C#, Express, SQL. I have successfully delivered multiple projects and am eager to contribute my skills.",Backend Developer,"Node.js, Spring Boot, C#, Express, SQL",4
Trent Adams,"I am a Data Analyst with 14 years of experience. I have strong expertise in Power BI, Statistics, R, Python, Data Visualization. I have successfully delivered multiple projects and am eager to contribute my skills.",Data Analyst,"Power BI, Statistics, R, Python, Data Visualization",14
Mia Martinez,"Dedicated professional working as a Frontend Developer for 9 years. My core competencies include TypeScript, Redux, React, Angular. I enjoy tackling challenging tasks and delivering high-quality results.",Frontend Developer,"TypeScript, Redux, React, Angular",9
Mia Lewis,"Passionate Backend Developer with a solid foundation in Python, C#, SQL. With 10 years of professional background, I focus on writing clean, maintainable code and solving complex problems.",Backend Developer,"Python, C#, SQL",10
John Garcia,"Dedicated professional working as a Frontend Developer for 9 years. My core competencies include Tailwind CSS, Webpack, React, JavaScript, Bootstrap, Vue.js. I enjoy tackling challenging tasks and delivering high-quality results.",Frontend Developer,"Tailwind CSS, Webpack, React, JavaScript, Bootstrap, Vue.js",9
Grace Davis,"Experienced Backend Developer skilled in Microservices, Spring Boot, Node.js, Python, Redis. Over 15 years of hands-on experience building robust solutions and working collaboratively in agile teams.",Backend Developer,"Microservices, Spring Boot, Node.js, Python, Redis",15
Emma Moore,"I am a Backend Developer with 4 years of experience. I have strong expertise in MongoDB, Spring Boot, Python, Docker, Go, Java. I have successfully delivered multiple projects and am eager to contribute my skills.",Backend Developer,"MongoDB, Spring Boot, Python, Docker, Go, Java",4
Liam Young,"I am a Python Developer with 12 years of experience. I have strong expertise in Linux, Git, PostgreSQL, SQLAlchemy. I have successfully delivered multiple projects and am eager to contribute my skills.",Python Developer,"Linux, Git, PostgreSQL, SQLAlchemy",12
Lucas Walker,"Passionate Machine Learning Engineer with a solid foundation in PyTorch, NLP, TensorFlow, MLOps, Python, Keras. With 10 years of professional background, I focus on writing clean, maintainable code and solving complex problems.",Machine Learning Engineer,"PyTorch, NLP, TensorFlow, MLOps, Python, Keras",10
Noah White,"Experienced Backend Developer skilled in Go, SQL, Redis, Express, Node.js, MongoDB. Over 5 years of hands-on experience building robust solutions and working collaboratively in agile teams.",Backend Developer,"Go, SQL, Redis, Express, Node.js, MongoDB",5
Zoe Williams,"Passionate Backend Developer with a solid foundation in Go, Java, Express, Microservices, Node.js, MongoDB. With 2 years of professional background, I focus on writing clean, maintainable code and solving complex problems.",Backend Developer,"Go, Java, Express, Microservices, Node.js, MongoDB",2
James Taylor,"Experienced Frontend Developer skilled in HTML, Redux, Bootstrap, Tailwind CSS. Over 7 years of hands-on experience building robust solutions and working collaboratively in agile teams.",Frontend Developer,"HTML, Redux, Bootstrap, Tailwind CSS",7
Bob Jackson,"Experienced Backend Developer skilled in C#, Python, Microservices, Express, MongoDB. Over 10 years of hands-on experience building robust solutions and working collaboratively in agile teams.",Backend Developer,"C#, Python, Microservices, Express, MongoDB",10
Mallory Anderson,"Results-driven Python Developer bringing 5 years of industry experience. Proficient in Django, PostgreSQL, Docker, Flask. Always looking to learn and grow in a dynamic environment.",Python Developer,"Django, PostgreSQL, Docker, Flask",5
Ethan Wright,"Passionate Backend Developer with a solid foundation in Docker, Go, C#, Redis, Node.js, Microservices. With 7 years of professional background, I focus on writing clean, maintainable code and solving complex problems.",Backend Developer,"Docker, Go, C#, Redis, Node.js, Microservices",7
Zoe Clark,"Passionate Data Analyst with a solid foundation in R, Statistics, Power BI, Tableau, SQL. With 15 years of professional background, I focus on writing clean, maintainable code and solving complex problems.",Data Analyst,"R, Statistics, Power BI, Tableau, SQL",15
Sophia Miller,"Results-driven Machine Learning Engineer bringing 13 years of industry experience. Proficient in Pandas, MLOps, AWS, Scikit-Learn, Deep Learning, Python. Always looking to learn and grow in a dynamic environment.",Machine Learning Engineer,"Pandas, MLOps, AWS, Scikit-Learn, Deep Learning, Python",13
Ethan Young,"I am a Backend Developer with 6 years of experience. I have strong expertise in Redis, SQL, C#. I have successfully delivered multiple projects and am eager to contribute my skills.",Backend Developer,"Redis, SQL, C#",6
Noah Thompson,"Dedicated professional working as a Frontend Developer for 6 years. My core competencies include React, Angular, Tailwind CSS, TypeScript, JavaScript, Webpack. I enjoy tackling challenging tasks and delivering high-quality results.",Frontend Developer,"React, Angular, Tailwind CSS, TypeScript, JavaScript, Webpack",6
Mia Smith,"Experienced Frontend Developer skilled in Bootstrap, Vue.js, Tailwind CSS. Over 4 years of hands-on experience building robust solutions and working collaboratively in agile teams.",Frontend Developer,"Bootstrap, Vue.js, Tailwind CSS",4
Mia King,"I am a Frontend Developer with 5 years of experience. I have strong expertise in CSS, Redux, Tailwind CSS. I have successfully delivered multiple projects and am eager to contribute my skills.",Frontend Developer,"CSS, Redux, Tailwind CSS",5
Noah Scott,"Dedicated professional working as a Backend Developer for 15 years. My core competencies include Express, Docker, Go. I enjoy tackling challenging tasks and delivering high-quality results.",Backend Developer,"Express, Docker, Go",15
Ivan Wright,"Passionate Backend Developer with a solid foundation in Redis, SQL, Spring Boot, Python, Node.js. With 8 years of professional background, I focus on writing clean, maintainable code and solving complex problems.",Backend Developer,"Redis, SQL, Spring Boot, Python, Node.js",8
Amelia Wilson,"Dedicated professional working as a Python Developer for 10 years. My core competencies include Django, REST API, Linux. I enjoy tackling challenging tasks and delivering high-quality results.",Python Developer,"Django, REST API, Linux",10
Lucas Hernandez,"Passionate Machine Learning Engineer with a solid foundation in Keras, MLOps, Deep Learning, NLP. With 3 years of professional background, I focus on writing clean, maintainable code and solving complex problems.",Machine Learning Engineer,"Keras, MLOps, Deep Learning, NLP",3
Jane Robinson,"Dedicated professional working as a Data Analyst for 9 years. My core competencies include Pandas, Excel, SQL. I enjoy tackling challenging tasks and delivering high-quality results.",Data Analyst,"Pandas, Excel, SQL",9
Heidi Johnson,"Experienced Data Analyst skilled in Power BI, Excel, Python, Data Visualization, Pandas, Data Cleaning. Over 3 years of hands-on experience building robust solutions and working collaboratively in agile teams.",Data Analyst,"Power BI, Excel, Python, Data Visualization, Pandas, Data Cleaning",3
Victor Lopez,"Experienced Frontend Developer skilled in Tailwind CSS, JavaScript, Vue.js, React, Angular, Redux. Over 7 years of hands-on experience building robust solutions and working collaboratively in agile teams.",Frontend Developer,"Tailwind CSS, JavaScript, Vue.js, React, Angular, Redux",7
Trent Wright,"I am a Machine Learning Engineer with 3 years of experience. I have strong expertise in AWS, Computer Vision, NLP, TensorFlow, Scikit-Learn. I have successfully delivered multiple projects and am eager to contribute my skills.",Machine Learning Engineer,"AWS, Computer Vision, NLP, TensorFlow, Scikit-Learn",3
Amelia Allen,"I am a Backend Developer with 6 years of experience. I have strong expertise in Docker, Java, Spring Boot, Python, Redis, Node.js. I have successfully delivered multiple projects and am eager to contribute my skills.",Backend Developer,"Docker, Java, Spring Boot, Python, Redis, Node.js",6
James Hall,"I am a Backend Developer with 7 years of experience. I have strong expertise in Node.js, Express, Go, .NET, Java. I have successfully delivered multiple projects and am eager to contribute my skills.",Backend Developer,"Node.js, Express, Go, .NET, Java",7
Arthur Hill,"Experienced Machine Learning Engineer skilled in PyTorch, Deep Learning, MLOps. Over 13 years of hands-on experience building robust solutions and working collaboratively in agile teams.",Machine Learning Engineer,"PyTorch, Deep Learning, MLOps",13
Diana Smith,"I am a Backend Developer with 2 years of experience. I have strong expertise in Docker, .NET, MongoDB, SQL. I have successfully delivered multiple projects and am eager to contribute my skills.",Backend Developer,"Docker, .NET, MongoDB, SQL",2
Sophia Jackson,"Passionate Python Developer with a solid foundation in Docker, Python, Flask, Testing, Linux, Git. With 3 years of professional background, I focus on writing clean, maintainable code and solving complex problems.",Python Developer,"Docker, Python, Flask, Testing, Linux, Git",3
Jane Davis,"Results-driven Python Developer bringing 15 years of industry experience. Proficient in SQLAlchemy, Git, REST API, Testing. Always looking to learn and grow in a dynamic environment.",Python Developer,"SQLAlchemy, Git, REST API, Testing",15
Isabella Martin,"I am a Machine Learning Engineer with 7 years of experience. I have strong expertise in Keras, Python, Deep Learning, Pandas, Scikit-Learn, Computer Vision. I have successfully delivered multiple projects and am eager to contribute my skills.",Machine Learning Engineer,"Keras, Python, Deep Learning, Pandas, Scikit-Learn, Computer Vision",7
Diana Jackson,"Results-driven Data Analyst bringing 1 years of industry experience. Proficient in SQL, Data Cleaning, Statistics, Power BI. Always looking to learn and grow in a dynamic environment.",Data Analyst,"SQL, Data Cleaning, Statistics, Power BI",1
Arthur Walker,"I am a Frontend Developer with 13 years of experience. I have strong expertise in CSS, Webpack, JavaScript. I have successfully delivered multiple projects and am eager to contribute my skills.",Frontend Developer,"CSS, Webpack, JavaScript",13
Charlie Moore,"Passionate Machine Learning Engineer with a solid foundation in Pandas, Python, TensorFlow, AWS, Scikit-Learn. With 3 years of professional background, I focus on writing clean, maintainable code and solving complex problems.",Machine Learning Engineer,"Pandas, Python, TensorFlow, AWS, Scikit-Learn",3
Grace Wright,"I am a Data Analyst with 15 years of experience. I have strong expertise in SQL, Excel, Statistics. I have successfully delivered multiple projects and am eager to contribute my skills.",Data Analyst,"SQL, Excel, Statistics",15
Mason Moore,"Experienced Python Developer skilled in Docker, Python, Git, FastAPI. Over 8 years of hands-on experience building robust solutions and working collaboratively in agile teams.",Python Developer,"Docker, Python, Git, FastAPI",8
Alice Allen,"Passionate Machine Learning Engineer with a solid foundation in Pandas, Deep Learning, Scikit-Learn. With 5 years of professional background, I focus on writing clean, maintainable code and solving complex problems.",Machine Learning Engineer,"Pandas, Deep Learning, Scikit-Learn",5
Ava Allen,"Results-driven Frontend Developer bringing 8 years of industry experience. Proficient in HTML, Tailwind CSS, Webpack. Always looking to learn and grow in a dynamic environment.",Frontend Developer,"HTML, Tailwind CSS, Webpack",8
Alice Wilson,"Experienced Machine Learning Engineer skilled in Scikit-Learn, PyTorch, MLOps, Deep Learning. Over 4 years of hands-on experience building robust solutions and working collaboratively in agile teams.",Machine Learning Engineer,"Scikit-Learn, PyTorch, MLOps, Deep Learning",4
Jane Moore,"Results-driven Python Developer bringing 6 years of industry experience. Proficient in Testing, Python, Docker. Always looking to learn and grow in a dynamic environment.",Python Developer,"Testing, Python, Docker",6
Diana Allen,"Passionate Frontend Developer with a solid foundation in Redux, Webpack, Angular, React. With 13 years of professional background, I focus on writing clean, maintainable code and solving complex problems.",Frontend Developer,"Redux, Webpack, Angular, React",13
Noah Williams,"Experienced Machine Learning Engineer skilled in AWS, NLP, TensorFlow, PyTorch, MLOps, Computer Vision. Over 9 years of hands-on experience building robust solutions and working collaboratively in agile teams.",Machine Learning Engineer,"AWS, NLP, TensorFlow, PyTorch, MLOps, Computer Vision",9
Diana Robinson,"Results-driven Data Analyst bringing 7 years of industry experience. Proficient in Statistics, Pandas, SQL, R, Data Cleaning, Power BI. Always looking to learn and grow in a dynamic environment.",Data Analyst,"Statistics, Pandas, SQL, R, Data Cleaning, Power BI",7
Harper Thompson,"Experienced Machine Learning Engineer skilled in Computer Vision, AWS, Python. Over 11 years of hands-on experience building robust solutions and working collaboratively in agile teams.",Machine Learning Engineer,"Computer Vision, AWS, Python",11
Emma Williams,"I am a Python Developer with 3 years of experience. I have strong expertise in FastAPI, Flask, SQLAlchemy, REST API, PostgreSQL. I have successfully delivered multiple projects and am eager to contribute my skills.",Python Developer,"FastAPI, Flask, SQLAlchemy, REST API, PostgreSQL",3
Peggy Williams,"Experienced Backend Developer skilled in Docker, Node.js, MongoDB. Over 9 years of hands-on experience building robust solutions and working collaboratively in agile teams.",Backend Developer,"Docker, Node.js, MongoDB",9
Amelia White,"Dedicated professional working as a Data Analyst for 3 years. My core competencies include SQL, Tableau, Python, Excel. I enjoy tackling challenging tasks and delivering high-quality results.",Data Analyst,"SQL, Tableau, Python, Excel",3
Eve Allen,"Passionate Machine Learning Engineer with a solid foundation in Pandas, Keras, PyTorch. With 1 years of professional background, I focus on writing clean, maintainable code and solving complex problems.",Machine Learning Engineer,"Pandas, Keras, PyTorch",1
Ethan Anderson,"I am a Machine Learning Engineer with 7 years of experience. I have strong expertise in Computer Vision, Keras, AWS, Scikit-Learn, Pandas, PyTorch. I have successfully delivered multiple projects and am eager to contribute my skills.",Machine Learning Engineer,"Computer Vision, Keras, AWS, Scikit-Learn, Pandas, PyTorch",7
Liam Thompson,"I am a Machine Learning Engineer with 7 years of experience. I have strong expertise in Keras, TensorFlow, MLOps, Computer Vision, NLP. I have successfully delivered multiple projects and am eager to contribute my skills.",Machine Learning Engineer,"Keras, TensorFlow, MLOps, Computer Vision, NLP",7
Amelia Jackson,"Dedicated professional working as a Backend Developer for 4 years. My core competencies include Java, Docker, Microservices, SQL, Redis, Spring Boot. I enjoy tackling challenging tasks and delivering high-quality results.",Backend Developer,"Java, Docker, Microservices, SQL, Redis, Spring Boot",4
Bob Davis,"Experienced Data Analyst skilled in R, Statistics, Tableau. Over 14 years of hands-on experience building robust solutions and working collaboratively in agile teams.",Data Analyst,"R, Statistics, Tableau",14
Zoe Walker,"Experienced Python Developer skilled in Python, Flask, FastAPI, PostgreSQL. Over 1 years of hands-on experience building robust solutions and working collaboratively in agile teams.",Python Developer,"Python, Flask, FastAPI, PostgreSQL",1
Charlotte Robinson,"Results-driven Machine Learning Engineer bringing 4 years of industry experience. Proficient in Scikit-Learn, Deep Learning, Pandas, AWS. Always looking to learn and grow in a dynamic environment.",Machine Learning Engineer,"Scikit-Learn, Deep Learning, Pandas, AWS",4
Frank Miller,"Dedicated professional working as a Frontend Developer for 3 years. My core competencies include React, Redux, HTML, Tailwind CSS, JavaScript. I enjoy tackling challenging tasks and delivering high-quality results.",Frontend Developer,"React, Redux, HTML, Tailwind CSS, JavaScript",3
William Rodriguez,"I am a Data Analyst with 3 years of experience. I have strong expertise in Data Visualization, Statistics, Power BI, Data Cleaning, Tableau. I have successfully delivered multiple projects and am eager to contribute my skills.",Data Analyst,"Data Visualization, Statistics, Power BI, Data Cleaning, Tableau",3
William Jackson,"Results-driven Machine Learning Engineer bringing 13 years of industry experience. Proficient in MLOps, Deep Learning, Scikit-Learn, PyTorch. Always looking to learn and grow in a dynamic environment.",Machine Learning Engineer,"MLOps, Deep Learning, Scikit-Learn, PyTorch",13
Isabella Taylor,"Dedicated professional working as a Python Developer for 6 years. My core competencies include Docker, Linux, SQLAlchemy, FastAPI, PostgreSQL. I enjoy tackling challenging tasks and delivering high-quality results.",Python Developer,"Docker, Linux, SQLAlchemy, FastAPI, PostgreSQL",6
Eve Hill,"Experienced Frontend Developer skilled in Vue.js, Angular, Redux, Bootstrap, JavaScript. Over 4 years of hands-on experience building robust solutions and working collaboratively in agile teams.",Frontend Developer,"Vue.js, Angular, Redux, Bootstrap, JavaScript",4
Mallory Lee,"Dedicated professional working as a Frontend Developer for 1 years. My core competencies include Redux, Webpack, React, Angular. I enjoy tackling challenging tasks and delivering high-quality results.",Frontend Developer,"Redux, Webpack, React, Angular",1
Mason White,"I am a Python Developer with 6 years of experience. I have strong expertise in FastAPI, Flask, Django. I have successfully delivered multiple projects and am eager to contribute my skills.",Python Developer,"FastAPI, Flask, Django",6
Walter King,"Results-driven Data Analyst bringing 8 years of industry experience. Proficient in Statistics, SQL, Excel, Power BI, Data Cleaning. Always looking to learn and grow in a dynamic environment.",Data Analyst,"Statistics, SQL, Excel, Power BI, Data Cleaning",8
Jane Wright,"Results-driven Frontend Developer bringing 2 years of industry experience. Proficient in Bootstrap, Redux, Angular, Webpack, TypeScript, CSS. Always looking to learn and grow in a dynamic environment.",Frontend Developer,"Bootstrap, Redux, Angular, Webpack, TypeScript, CSS",2
Eve Davis,"Passionate Machine Learning Engineer with a solid foundation in Computer Vision, PyTorch, NLP, Pandas. With 7 years of professional background, I focus on writing clean, maintainable code and solving complex problems.",Machine Learning Engineer,"Computer Vision, PyTorch, NLP, Pandas",7
Charlotte Harris,"Passionate Backend Developer with a solid foundation in Express, C#, SQL, Microservices, Node.js, Docker. With 4 years of professional background, I focus on writing clean, maintainable code and solving complex problems.",Backend Developer,"Express, C#, SQL, Microservices, Node.js, Docker",4
Harper Wright,"Results-driven Data Analyst bringing 12 years of industry experience. Proficient in R, Python, SQL, Data Visualization. Always looking to learn and grow in a dynamic environment.",Data Analyst,"R, Python, SQL, Data Visualization",12
Jane Lewis,"Results-driven Python Developer bringing 13 years of industry experience. Proficient in PostgreSQL, Django, Flask, FastAPI, Python, Git. Always looking to learn and grow in a dynamic environment.",Python Developer,"PostgreSQL, Django, Flask, FastAPI, Python, Git",13
Lucas Thompson,"Passionate Backend Developer with a solid foundation in C#, Python, Spring Boot. With 12 years of professional background, I focus on writing clean, maintainable code and solving complex problems.",Backend Developer,"C#, Python, Spring Boot",12
Benjamin Garcia,"Experienced Backend Developer skilled in Redis, SQL, Node.js, Go. Over 12 years of hands-on experience building robust solutions and working collaboratively in agile teams.",Backend Developer,"Redis, SQL, Node.js, Go",12
Ava Taylor,"Dedicated professional working as a Python Developer for 7 years. My core competencies include REST API, SQLAlchemy, PostgreSQL, Git, FastAPI, Linux. I enjoy tackling challenging tasks and delivering high-quality results.",Python Developer,"REST API, SQLAlchemy, PostgreSQL, Git, FastAPI, Linux",7
Frank Davis,"I am a Frontend Developer with 4 years of experience. I have strong expertise in React, Webpack, CSS, Angular, Bootstrap. I have successfully delivered multiple projects and am eager to contribute my skills.",Frontend Developer,"React, Webpack, CSS, Angular, Bootstrap",4
Mason Scott,"Dedicated professional working as a Frontend Developer for 15 years. My core competencies include Redux, Vue.js, TypeScript, Tailwind CSS. I enjoy tackling challenging tasks and delivering high-quality results.",Frontend Developer,"Redux, Vue.js, TypeScript, Tailwind CSS",15
Harper Scott,"Passionate Python Developer with a solid foundation in Python, Flask, Testing, PostgreSQL, SQLAlchemy. With 15 years of professional background, I focus on writing clean, maintainable code and solving complex problems.",Python Developer,"Python, Flask, Testing, PostgreSQL, SQLAlchemy",15
Zoe Young,"I am a Data Analyst with 8 years of experience. I have strong expertise in Power BI, Pandas, Data Cleaning, R, Excel, SQL. I have successfully delivered multiple projects and am eager to contribute my skills.",Data Analyst,"Power BI, Pandas, Data Cleaning, R, Excel, SQL",8
Isabella Thomas,"Passionate Python Developer with a solid foundation in Django, FastAPI, REST API, Linux, PostgreSQL, SQLAlchemy. With 5 years of professional background, I focus on writing clean, maintainable code and solving complex problems.",Python Developer,"Django, FastAPI, REST API, Linux, PostgreSQL, SQLAlchemy",5
Liam Wilson,"Results-driven Python Developer bringing 2 years of industry experience. Proficient in Django, Testing, Flask, Git, Docker, SQLAlchemy. Always looking to learn and grow in a dynamic environment.",Python Developer,"Django, Testing, Flask, Git, Docker, SQLAlchemy",2
Mallory Young,"I am a Machine Learning Engineer with 5 years of experience. I have strong expertise in Keras, Scikit-Learn, NLP, MLOps. I have successfully delivered multiple projects and am eager to contribute my skills.",Machine Learning Engineer,"Keras, Scikit-Learn, NLP, MLOps",5
John Hernandez,"Results-driven Python Developer bringing 14 years of industry experience. Proficient in Django, REST API, FastAPI, PostgreSQL, Docker, Testing. Always looking to learn and grow in a dynamic environment.",Python Developer,"Django, REST API, FastAPI, PostgreSQL, Docker, Testing",14
Benjamin Williams,"Passionate Machine Learning Engineer with a solid foundation in MLOps, NLP, AWS, TensorFlow. With 13 years of professional background, I focus on writing clean, maintainable code and solving complex problems.",Machine Learning Engineer,"MLOps, NLP, AWS, TensorFlow",13
Ava Jackson,"Results-driven Machine Learning Engineer bringing 11 years of industry experience. Proficient in NLP, Pandas, Deep Learning, MLOps, Keras. Always looking to learn and grow in a dynamic environment.",Machine Learning Engineer,"NLP, Pandas, Deep Learning, MLOps, Keras",11
Mia Williams,"I am a Backend Developer with 3 years of experience. I have strong expertise in .NET, MongoDB, Python, Java. I have successfully delivered multiple projects and am eager to contribute my skills.",Backend Developer,".NET, MongoDB, Python, Java",3
Grace Walker,"Experienced Frontend Developer skilled in CSS, Bootstrap, React, HTML, Angular. Over 5 years of hands-on experience building robust solutions and working collaboratively in agile teams.",Frontend Developer,"CSS, Bootstrap, React, HTML, Angular",5
Olivia White,"Experienced Backend Developer skilled in .NET, Express, Java. Over 1 years of hands-on experience building robust solutions and working collaboratively in agile teams.",Backend Developer,".NET, Express, Java",1
Charlie Lee,"Results-driven Python Developer bringing 12 years of industry experience. Proficient in PostgreSQL, Testing, SQLAlchemy, Django, Linux, Python. Always looking to learn and grow in a dynamic environment.",Python Developer,"PostgreSQL, Testing, SQLAlchemy, Django, Linux, Python",12
Ethan Walker,"I am a Python Developer with 10 years of experience. I have strong expertise in Git, REST API, Linux, Flask, Python, FastAPI. I have successfully delivered multiple projects and am eager to contribute my skills.",Python Developer,"Git, REST API, Linux, Flask, Python, FastAPI",10
Diana Robinson,"Dedicated professional working as a Backend Developer for 13 years. My core competencies include MongoDB, Java, Docker, Microservices. I enjoy tackling challenging tasks and delivering high-quality results.",Backend Developer,"MongoDB, Java, Docker, Microservices",13
Zoe Anderson,"I am a Backend Developer with 13 years of experience. I have strong expertise in C#, Node.js, .NET. I have successfully delivered multiple projects and am eager to contribute my skills.",Backend Developer,"C#, Node.js, .NET",13
Liam Lopez,"Passionate Python Developer with a solid foundation in Flask, Python, PostgreSQL, Docker, Django. With 15 years of professional background, I focus on writing clean, maintainable code and solving complex problems.",Python Developer,"Flask, Python, PostgreSQL, Docker, Django",15
Victor Allen,"Experienced Machine Learning Engineer skilled in NLP, TensorFlow, Computer Vision. Over 13 years of hands-on experience building robust solutions and working collaboratively in agile teams.",Machine Learning Engineer,"NLP, TensorFlow, Computer Vision",13
Lucas Davis,"Dedicated professional working as a Data Analyst for 15 years. My core competencies include R, Python, Pandas, Power BI, Data Visualization. I enjoy tackling challenging tasks and delivering high-quality results.",Data Analyst,"R, Python, Pandas, Power BI, Data Visualization",15
Mallory Johnson,"I am a Data Analyst with 9 years of experience. I have strong expertise in Tableau, Statistics, Data Cleaning, Excel, Data Visualization. I have successfully delivered multiple projects and am eager to contribute my skills.",Data Analyst,"Tableau, Statistics, Data Cleaning, Excel, Data Visualization",9
James Wilson,"I am a Backend Developer with 11 years of experience. I have strong expertise in SQL, Spring Boot, Microservices, Node.js, Express. I have successfully delivered multiple projects and am eager to contribute my skills.",Backend Developer,"SQL, Spring Boot, Microservices, Node.js, Express",11
James Green,"Results-driven Backend Developer bringing 6 years of industry experience. Proficient in Spring Boot, Docker, Redis. Always looking to learn and grow in a dynamic environment.",Backend Developer,"Spring Boot, Docker, Redis",6
Ivan Williams,"I am a Backend Developer with 3 years of experience. I have strong expertise in C#, Redis, Docker, Spring Boot. I have successfully delivered multiple projects and am eager to contribute my skills.",Backend Developer,"C#, Redis, Docker, Spring Boot",3
Ethan Thompson,"Passionate Machine Learning Engineer with a solid foundation in Deep Learning, Keras, AWS, Scikit-Learn. With 11 years of professional background, I focus on writing clean, maintainable code and solving complex problems.",Machine Learning Engineer,"Deep Learning, Keras, AWS, Scikit-Learn",11
Isabella Lee,"I am a Python Developer with 11 years of experience. I have strong expertise in FastAPI, Docker, SQLAlchemy. I have successfully delivered multiple projects and am eager to contribute my skills.",Python Developer,"FastAPI, Docker, SQLAlchemy",11
Victor Taylor,"I am a Python Developer with 5 years of experience. I have strong expertise in REST API, Testing, Python. I have successfully delivered multiple projects and am eager to contribute my skills.",Python Developer,"REST API, Testing, Python",5
Mason Moore,"Results-driven Data Analyst bringing 11 years of industry experience. Proficient in Python, Data Visualization, Tableau, Statistics. Always looking to learn and grow in a dynamic environment.",Data Analyst,"Python, Data Visualization, Tableau, Statistics",11
Ethan Williams,"Passionate Backend Developer with a solid foundation in Node.js, Microservices, MongoDB, C#. With 2 years of professional background, I focus on writing clean, maintainable code and solving complex problems.",Backend Developer,"Node.js, Microservices, MongoDB, C#",2
Ethan Wright,"Passionate Machine Learning Engineer with a solid foundation in Pandas, NLP, Deep Learning, Keras, AWS, TensorFlow. With 2 years of professional background, I focus on writing clean, maintainable code and solving complex problems.",Machine Learning Engineer,"Pandas, NLP, Deep Learning, Keras, AWS, TensorFlow",2
Frank Robinson,"Results-driven Machine Learning Engineer bringing 3 years of industry experience. Proficient in AWS, Deep Learning, PyTorch, Pandas, NLP. Always looking to learn and grow in a dynamic environment.",Machine Learning Engineer,"AWS, Deep Learning, PyTorch, Pandas, NLP",3
James Jones,"Experienced Backend Developer skilled in .NET, Redis, Go, C#, Java, Microservices. Over 13 years of hands-on experience building robust solutions and working collaboratively in agile teams.",Backend Developer,".NET, Redis, Go, C#, Java, Microservices",13
Mason Thompson,"Passionate Data Analyst with a solid foundation in Data Visualization, Excel, Data Cleaning. With 6 years of professional background, I focus on writing clean, maintainable code and solving complex problems.",Data Analyst,"Data Visualization, Excel, Data Cleaning",6
William Robinson,"Results-driven Data Analyst bringing 8 years of industry experience. Proficient in Statistics, Excel, Data Cleaning. Always looking to learn and grow in a dynamic environment.",Data Analyst,"Statistics, Excel, Data Cleaning",8
Judy Taylor,"Results-driven Backend Developer bringing 9 years of industry experience. Proficient in SQL, Express, MongoDB, Java, Microservices. Always looking to learn and grow in a dynamic environment.",Backend Developer,"SQL, Express, MongoDB, Java, Microservices",9
Isabella King,"I am a Python Developer with 3 years of experience. I have strong expertise in Django, FastAPI, SQLAlchemy. I have successfully delivered multiple projects and am eager to contribute my skills.",Python Developer,"Django, FastAPI, SQLAlchemy",3
Olivia Taylor,"Dedicated professional working as a Machine Learning Engineer for 5 years. My core competencies include Pandas, MLOps, TensorFlow, AWS, Deep Learning, NLP. I enjoy tackling challenging tasks and delivering high-quality results.",Machine Learning Engineer,"Pandas, MLOps, TensorFlow, AWS, Deep Learning, NLP",5
William Allen,"Dedicated professional working as a Machine Learning Engineer for 15 years. My core competencies include Pandas, PyTorch, TensorFlow, Keras. I enjoy tackling challenging tasks and delivering high-quality results.",Machine Learning Engineer,"Pandas, PyTorch, TensorFlow, Keras",15
Peggy Thomas,"I am a Frontend Developer with 8 years of experience. I have strong expertise in React, CSS, Redux, Webpack, TypeScript. I have successfully delivered multiple projects and am eager to contribute my skills.",Frontend Developer,"React, CSS, Redux, Webpack, TypeScript",8
Zoe Adams,"Dedicated professional working as a Data Analyst for 1 years. My core competencies include Pandas, Power BI, Data Visualization, Python, Data Cleaning, R. I enjoy tackling challenging tasks and delivering high-quality results.",Data Analyst,"Pandas, Power BI, Data Visualization, Python, Data Cleaning, R",1
Judy Rodriguez,"I am a Machine Learning Engineer with 3 years of experience. I have strong expertise in MLOps, Scikit-Learn, PyTorch, AWS, TensorFlow. I have successfully delivered multiple projects and am eager to contribute my skills.",Machine Learning Engineer,"MLOps, Scikit-Learn, PyTorch, AWS, TensorFlow",3
Amelia Adams,"I am a Data Analyst with 6 years of experience. I have strong expertise in Data Cleaning, R, SQL. I have successfully delivered multiple projects and am eager to contribute my skills.",Data Analyst,"Data Cleaning, R, SQL",6
Sam White,"I am a Frontend Developer with 8 years of experience. I have strong expertise in Angular, CSS, Webpack, HTML, Redux. I have successfully delivered multiple projects and am eager to contribute my skills.",Frontend Developer,"Angular, CSS, Webpack, HTML, Redux",8
Ava Young,"Dedicated professional working as a Data Analyst for 4 years. My core competencies include Data Visualization, Statistics, Python, Excel, Tableau. I enjoy tackling challenging tasks and delivering high-quality results.",Data Analyst,"Data Visualization, Statistics, Python, Excel, Tableau",4
Charlie Clark,"Experienced Machine Learning Engineer skilled in NLP, Deep Learning, TensorFlow. Over 9 years of hands-on experience building robust solutions and working collaboratively in agile teams.",Machine Learning Engineer,"NLP, Deep Learning, TensorFlow",9
Victor Walker,"Passionate Data Analyst with a solid foundation in SQL, Pandas, R. With 7 years of professional background, I focus on writing clean, maintainable code and solving complex problems.",Data Analyst,"SQL, Pandas, R",7
Trent Adams,"I am a Frontend Developer with 12 years of experience. I have strong expertise in Redux, JavaScript, HTML, Angular, Tailwind CSS, Bootstrap. I have successfully delivered multiple projects and am eager to contribute my skills.",Frontend Developer,"Redux, JavaScript, HTML, Angular, Tailwind CSS, Bootstrap",12
Arthur Scott,"Results-driven Machine Learning Engineer bringing 4 years of industry experience. Proficient in NLP, Keras, AWS, Python. Always looking to learn and grow in a dynamic environment.",Machine Learning Engineer,"NLP, Keras, AWS, Python",4
Trent Lee,"Results-driven Machine Learning Engineer bringing 14 years of industry experience. Proficient in Scikit-Learn, NLP, Pandas. Always looking to learn and grow in a dynamic environment.",Machine Learning Engineer,"Scikit-Learn, NLP, Pandas",14
Walter Taylor,"Passionate Frontend Developer with a solid foundation in TypeScript, Redux, CSS, Angular, React. With 9 years of professional background, I focus on writing clean, maintainable code and solving complex problems.",Frontend Developer,"TypeScript, Redux, CSS, Angular, React",9
Lucas King,"Experienced Python Developer skilled in Flask, PostgreSQL, Git. Over 7 years of hands-on experience building robust solutions and working collaboratively in agile teams.",Python Developer,"Flask, PostgreSQL, Git",7
Emma Walker,"Passionate Backend Developer with a solid foundation in Spring Boot, Microservices, Java, Docker, MongoDB. With 3 years of professional background, I focus on writing clean, maintainable code and solving complex problems.",Backend Developer,"Spring Boot, Microservices, Java, Docker, MongoDB",3
Charlie Jackson,"I am a Frontend Developer with 5 years of experience. I have strong expertise in Angular, JavaScript, Tailwind CSS. I have successfully delivered multiple projects and am eager to contribute my skills.",Frontend Developer,"Angular, JavaScript, Tailwind CSS",5
Isabella Jackson,"I am a Python Developer with 1 years of experience. I have strong expertise in FastAPI, Django, Flask, Python, REST API, Docker. I have successfully delivered multiple projects and am eager to contribute my skills.",Python Developer,"FastAPI, Django, Flask, Python, REST API, Docker",1
Zoe Hall,"Passionate Backend Developer with a solid foundation in Express, SQL, Python, MongoDB, Node.js, Java. With 4 years of professional background, I focus on writing clean, maintainable code and solving complex problems.",Backend Developer,"Express, SQL, Python, MongoDB, Node.js, Java",4
Ava Johnson,"I am a Machine Learning Engineer with 8 years of experience. I have strong expertise in Computer Vision, Python, Deep Learning. I have successfully delivered multiple projects and am eager to contribute my skills.",Machine Learning Engineer,"Computer Vision, Python, Deep Learning",8
Victor White,"I am a Python Developer with 8 years of experience. I have strong expertise in Docker, Django, Linux, PostgreSQL. I have successfully delivered multiple projects and am eager to contribute my skills.",Python Developer,"Docker, Django, Linux, PostgreSQL",8
Olivia Clark,"Results-driven Machine Learning Engineer bringing 11 years of industry experience. Proficient in NLP, Pandas, MLOps, PyTorch, Keras. Always looking to learn and grow in a dynamic environment.",Machine Learning Engineer,"NLP, Pandas, MLOps, PyTorch, Keras",11
Sophia Brown,"Dedicated professional working as a Backend Developer for 13 years. My core competencies include Docker, Go, SQL, Node.js, Python. I enjoy tackling challenging tasks and delivering high-quality results.",Backend Developer,"Docker, Go, SQL, Node.js, Python",13
Victor Adams,"I am a Python Developer with 7 years of experience. I have strong expertise in Testing, Python, REST API. I have successfully delivered multiple projects and am eager to contribute my skills.",Python Developer,"Testing, Python, REST API",7
Charlie Martin,"Dedicated professional working as a Backend Developer for 11 years. My core competencies include .NET, Microservices, Java, MongoDB, Spring Boot. I enjoy tackling challenging tasks and delivering high-quality results.",Backend Developer,".NET, Microservices, Java, MongoDB, Spring Boot",11
Peggy Hill,"Passionate Python Developer with a solid foundation in REST API, Testing, SQLAlchemy, FastAPI. With 10 years of professional background, I focus on writing clean, maintainable code and solving complex problems.",Python Developer,"REST API, Testing, SQLAlchemy, FastAPI",10
Diana Martinez,"Experienced Backend Developer skilled in MongoDB, Spring Boot, C#. Over 14 years of hands-on experience building robust solutions and working collaboratively in agile teams.",Backend Developer,"MongoDB, Spring Boot, C#",14
Charlotte Jones,"Dedicated professional working as a Frontend Developer for 7 years. My core competencies include HTML, TypeScript, CSS, Webpack, Vue.js, React. I enjoy tackling challenging tasks and delivering high-quality results.",Frontend Developer,"HTML, TypeScript, CSS, Webpack, Vue.js, React",7
Amelia Moore,"Dedicated professional working as a Machine Learning Engineer for 15 years. My core competencies include Scikit-Learn, Computer Vision, Keras, Deep Learning, AWS. I enjoy tackling challenging tasks and delivering high-quality results.",Machine Learning Engineer,"Scikit-Learn, Computer Vision, Keras, Deep Learning, AWS",15
Peggy Walker,"Experienced Data Analyst skilled in Excel, Pandas, Data Visualization. Over 12 years of hands-on experience building robust solutions and working collaboratively in agile teams.",Data Analyst,"Excel, Pandas, Data Visualization",12
Arthur Garcia,"Experienced Frontend Developer skilled in React, Bootstrap, JavaScript, CSS, Vue.js. Over 11 years of hands-on experience building robust solutions and working collaboratively in agile teams.",Frontend Developer,"React, Bootstrap, JavaScript, CSS, Vue.js",11
Trent Martinez,"Experienced Machine Learning Engineer skilled in Keras, AWS, NLP, TensorFlow, Python, Computer Vision. Over 13 years of hands-on experience building robust solutions and working collaboratively in agile teams.",Machine Learning Engineer,"Keras, AWS, NLP, TensorFlow, Python, Computer Vision",13
Mia Robinson,"Results-driven Python Developer bringing 6 years of industry experience. Proficient in PostgreSQL, Git, Django, Docker. Always looking to learn and grow in a dynamic environment.",Python Developer,"PostgreSQL, Git, Django, Docker",6
Jane Martin,"Results-driven Backend Developer bringing 12 years of industry experience. Proficient in Redis, Express, MongoDB, Java, SQL, Spring Boot. Always looking to learn and grow in a dynamic environment.",Backend Developer,"Redis, Express, MongoDB, Java, SQL, Spring Boot",12
Mallory Smith,"Results-driven Data Analyst bringing 14 years of industry experience. Proficient in SQL, Statistics, Power BI, Excel, Data Cleaning, Pandas. Always looking to learn and grow in a dynamic environment.",Data Analyst,"SQL, Statistics, Power BI, Excel, Data Cleaning, Pandas",14
John Robinson,"Dedicated professional working as a Data Analyst for 15 years. My core competencies include Data Cleaning, SQL, Tableau. I enjoy tackling challenging tasks and delivering high-quality results.",Data Analyst,"Data Cleaning, SQL, Tableau",15
Eve Lewis,"I am a Python Developer with 10 years of experience. I have strong expertise in REST API, Git, Docker, Testing, PostgreSQL. I have successfully delivered multiple projects and am eager to contribute my skills.",Python Developer,"REST API, Git, Docker, Testing, PostgreSQL",10
Mia Hill,"I am a Frontend Developer with 5 years of experience. I have strong expertise in React, Redux, Webpack, JavaScript. I have successfully delivered multiple projects and am eager to contribute my skills.",Frontend Developer,"React, Redux, Webpack, JavaScript",5
Isabella Adams,"Dedicated professional working as a Machine Learning Engineer for 4 years. My core competencies include Python, Pandas, Keras, PyTorch, Scikit-Learn, Computer Vision. I enjoy tackling challenging tasks and delivering high-quality results.",Machine Learning Engineer,"Python, Pandas, Keras, PyTorch, Scikit-Learn, Computer Vision",4
Sophia Walker,"Dedicated professional working as a Python Developer for 8 years. My core competencies include FastAPI, Python, PostgreSQL, Linux. I enjoy tackling challenging tasks and delivering high-quality results.",Python Developer,"FastAPI, Python, PostgreSQL, Linux",8
Trent Martinez,"I am a Data Analyst with 3 years of experience. I have strong expertise in Statistics, Excel, Pandas, SQL, Tableau. I have successfully delivered multiple projects and am eager to contribute my skills.",Data Analyst,"Statistics, Excel, Pandas, SQL, Tableau",3
Ava Lewis,"Results-driven Data Analyst bringing 12 years of industry experience. Proficient in Statistics, SQL, Excel, Data Visualization. Always looking to learn and grow in a dynamic environment.",Data Analyst,"Statistics, SQL, Excel, Data Visualization",12
Mia Miller,"Dedicated professional working as a Python Developer for 2 years. My core competencies include PostgreSQL, Docker, Testing. I enjoy tackling challenging tasks and delivering high-quality results.",Python Developer,"PostgreSQL, Docker, Testing",2
Noah Adams,"Dedicated professional working as a Data Analyst for 12 years. My core competencies include Tableau, Pandas, Python, Excel. I enjoy tackling challenging tasks and delivering high-quality results.",Data Analyst,"Tableau, Pandas, Python, Excel",12
Eve Brown,"I am a Python Developer with 14 years of experience. I have strong expertise in Python, Django, Flask. I have successfully delivered multiple projects and am eager to contribute my skills.",Python Developer,"Python, Django, Flask",14
Peggy Lewis,"Experienced Backend Developer skilled in C#, Microservices, Spring Boot, Express. Over 3 years of hands-on experience building robust solutions and working collaboratively in agile teams.",Backend Developer,"C#, Microservices, Spring Boot, Express",3
Harper Miller,"Dedicated professional working as a Data Analyst for 12 years. My core competencies include Statistics, Excel, SQL. I enjoy tackling challenging tasks and delivering high-quality results.",Data Analyst,"Statistics, Excel, SQL",12
Ivan Robinson,"Passionate Python Developer with a solid foundation in Python, FastAPI, Git. With 7 years of professional background, I focus on writing clean, maintainable code and solving complex problems.",Python Developer,"Python, FastAPI, Git",7
William Brown,"Passionate Machine Learning Engineer with a solid foundation in Python, TensorFlow, PyTorch, Keras, AWS. With 2 years of professional background, I focus on writing clean, maintainable code and solving complex problems.",Machine Learning Engineer,"Python, TensorFlow, PyTorch, Keras, AWS",2
Charlotte Wilson,"Experienced Frontend Developer skilled in CSS, Bootstrap, Vue.js, HTML, Webpack, Tailwind CSS. Over 4 years of hands-on experience building robust solutions and working collaboratively in agile teams.",Frontend Developer,"CSS, Bootstrap, Vue.js, HTML, Webpack, Tailwind CSS",4
Trent Young,"Passionate Backend Developer with a solid foundation in Go, Spring Boot, C#, Microservices, .NET. With 10 years of professional background, I focus on writing clean, maintainable code and solving complex problems.",Backend Developer,"Go, Spring Boot, C#, Microservices, .NET",10
Isabella Rodriguez,"Dedicated professional working as a Machine Learning Engineer for 7 years. My core competencies include TensorFlow, NLP, Deep Learning, PyTorch, AWS. I enjoy tackling challenging tasks and delivering high-quality results.",Machine Learning Engineer,"TensorFlow, NLP, Deep Learning, PyTorch, AWS",7
Frank Taylor,"Results-driven Data Analyst bringing 9 years of industry experience. Proficient in SQL, Statistics, R, Python, Pandas. Always looking to learn and grow in a dynamic environment.",Data Analyst,"SQL, Statistics, R, Python, Pandas",9
Liam Jackson,"Dedicated professional working as a Python Developer for 2 years. My core competencies include Django, REST API, Linux. I enjoy tackling challenging tasks and delivering high-quality results.",Python Developer,"Django, REST API, Linux",2
Sam Jones,"I am a Machine Learning Engineer with 10 years of experience. I have strong expertise in PyTorch, NLP, Python, Keras, Computer Vision, Pandas. I have successfully delivered multiple projects and am eager to contribute my skills.",Machine Learning Engineer,"PyTorch, NLP, Python, Keras, Computer Vision, Pandas",10
Ivan Young,"I am a Machine Learning Engineer with 12 years of experience. I have strong expertise in PyTorch, Python, Computer Vision, TensorFlow, Deep Learning. I have successfully delivered multiple projects and am eager to contribute my skills.",Machine Learning Engineer,"PyTorch, Python, Computer Vision, TensorFlow, Deep Learning",12
Charlie Hernandez,"I am a Frontend Developer with 11 years of experience. I have strong expertise in CSS, HTML, React, Tailwind CSS. I have successfully delivered multiple projects and am eager to contribute my skills.",Frontend Developer,"CSS, HTML, React, Tailwind CSS",11
Charlotte Clark,"Experienced Machine Learning Engineer skilled in Python, TensorFlow, Pandas. Over 4 years of hands-on experience building robust solutions and working collaboratively in agile teams.",Machine Learning Engineer,"Python, TensorFlow, Pandas",4
Charlotte Hernandez,"Results-driven Frontend Developer bringing 8 years of industry experience. Proficient in Webpack, Redux, Angular, Tailwind CSS. Always looking to learn and grow in a dynamic environment.",Frontend Developer,"Webpack, Redux, Angular, Tailwind CSS",8
Peggy Harris,"Dedicated professional working as a Machine Learning Engineer for 10 years. My core competencies include NLP, Deep Learning, Computer Vision, TensorFlow, MLOps. I enjoy tackling challenging tasks and delivering high-quality results.",Machine Learning Engineer,"NLP, Deep Learning, Computer Vision, TensorFlow, MLOps",10
Mia Miller,"Results-driven Frontend Developer bringing 6 years of industry experience. Proficient in HTML, Redux, Angular, TypeScript, Bootstrap, React. Always looking to learn and grow in a dynamic environment.",Frontend Developer,"HTML, Redux, Angular, TypeScript, Bootstrap, React",6
Victor Thompson,"Passionate Machine Learning Engineer with a solid foundation in Pandas, Python, NLP, Deep Learning, Scikit-Learn. With 14 years of professional background, I focus on writing clean, maintainable code and solving complex problems.",Machine Learning Engineer,"Pandas, Python, NLP, Deep Learning, Scikit-Learn",14
Sophia Taylor,"Results-driven Frontend Developer bringing 2 years of industry experience. Proficient in TypeScript, Webpack, Bootstrap. Always looking to learn and grow in a dynamic environment.",Frontend Developer,"TypeScript, Webpack, Bootstrap",2
Bob Miller,"Results-driven Data Analyst bringing 3 years of industry experience. Proficient in SQL, Data Visualization, R, Pandas, Data Cleaning, Tableau. Always looking to learn and grow in a dynamic environment.",Data Analyst,"SQL, Data Visualization, R, Pandas, Data Cleaning, Tableau",3
Ivan Miller,"Results-driven Backend Developer bringing 7 years of industry experience. Proficient in MongoDB, Microservices, C#, Java, Redis, Express. Always looking to learn and grow in a dynamic environment.",Backend Developer,"MongoDB, Microservices, C#, Java, Redis, Express",7
Grace Walker,"Dedicated professional working as a Data Analyst for 14 years. My core competencies include Data Cleaning, Power BI, SQL, Data Visualization, Statistics, Python. I enjoy tackling challenging tasks and delivering high-quality results.",Data Analyst,"Data Cleaning, Power BI, SQL, Data Visualization, Statistics, Python",14
Sophia Brown,"Experienced Machine Learning Engineer skilled in Keras, Computer Vision, NLP. Over 12 years of hands-on experience building robust solutions and working collaboratively in agile teams.",Machine Learning Engineer,"Keras, Computer Vision, NLP",12
Bob Jackson,"Dedicated professional working as a Python Developer for 12 years. My core competencies include REST API, Django, FastAPI, PostgreSQL, Linux. I enjoy tackling challenging tasks and delivering high-quality results.",Python Developer,"REST API, Django, FastAPI, PostgreSQL, Linux",12
Diana Hill,"I am a Frontend Developer with 2 years of experience. I have strong expertise in HTML, Angular, Redux, CSS, Vue.js. I have successfully delivered multiple projects and am eager to contribute my skills.",Frontend Developer,"HTML, Angular, Redux, CSS, Vue.js",2
Harper Hall,"Dedicated professional working as a Machine Learning Engineer for 3 years. My core competencies include PyTorch, TensorFlow, Deep Learning, Keras, Python. I enjoy tackling challenging tasks and delivering high-quality results.",Machine Learning Engineer,"PyTorch, TensorFlow, Deep Learning, Keras, Python",3
Bob Walker,"I am a Backend Developer with 7 years of experience. I have strong expertise in Redis, Python, MongoDB, Go. I have successfully delivered multiple projects and am eager to contribute my skills.",Backend Developer,"Redis, Python, MongoDB, Go",7
Grace Lopez,"Results-driven Backend Developer bringing 10 years of industry experience. Proficient in Spring Boot, Docker, Redis, MongoDB, C#, Go. Always looking to learn and grow in a dynamic environment.",Backend Developer,"Spring Boot, Docker, Redis, MongoDB, C#, Go",10
Sophia Wright,"Passionate Python Developer with a solid foundation in FastAPI, Linux, Flask, Django, PostgreSQL. With 6 years of professional background, I focus on writing clean, maintainable code and solving complex problems.",Python Developer,"FastAPI, Linux, Flask, Django, PostgreSQL",6
Alice Johnson,"Results-driven Machine Learning Engineer bringing 7 years of industry experience. Proficient in MLOps, NLP, Pandas, Python, TensorFlow. Always looking to learn and grow in a dynamic environment.",Machine Learning Engineer,"MLOps, NLP, Pandas, Python, TensorFlow",7
Heidi Smith,"I am a Python Developer with 5 years of experience. I have strong expertise in PostgreSQL, Git, Linux, Testing, REST API, Flask. I have successfully delivered multiple projects and am eager to contribute my skills.",Python Developer,"PostgreSQL, Git, Linux, Testing, REST API, Flask",5
Mallory Walker,"Results-driven Backend Developer bringing 5 years of industry experience. Proficient in MongoDB, Microservices, C#, Java, Express. Always looking to learn and grow in a dynamic environment.",Backend Developer,"MongoDB, Microservices, C#, Java, Express",5
Frank Harris,"Experienced Frontend Developer skilled in Tailwind CSS, React, Bootstrap, Vue.js. Over 9 years of hands-on experience building robust solutions and working collaboratively in agile teams.",Frontend Developer,"Tailwind CSS, React, Bootstrap, Vue.js",9
Zoe Adams,"Results-driven Data Analyst bringing 14 years of industry experience. Proficient in Data Cleaning, Python, SQL. Always looking to learn and grow in a dynamic environment.",Data Analyst,"Data Cleaning, Python, SQL",14
Benjamin Brown,"Results-driven Python Developer bringing 2 years of industry experience. Proficient in Flask, Git, Linux, FastAPI. Always looking to learn and grow in a dynamic environment.",Python Developer,"Flask, Git, Linux, FastAPI",2
Benjamin Jones,"Results-driven Backend Developer bringing 14 years of industry experience. Proficient in MongoDB, Spring Boot, Python, Go. Always looking to learn and grow in a dynamic environment.",Backend Developer,"MongoDB, Spring Boot, Python, Go",14
Sam Thomas,"Experienced Frontend Developer skilled in Vue.js, Webpack, React. Over 2 years of hands-on experience building robust solutions and working collaboratively in agile teams.",Frontend Developer,"Vue.js, Webpack, React",2
Charlie Thomas,"Dedicated professional working as a Machine Learning Engineer for 7 years. My core competencies include Scikit-Learn, Computer Vision, NLP, MLOps, Keras, PyTorch. I enjoy tackling challenging tasks and delivering high-quality results.",Machine Learning Engineer,"Scikit-Learn, Computer Vision, NLP, MLOps, Keras, PyTorch",7
Lucas Hernandez,"Dedicated professional working as a Python Developer for 7 years. My core competencies include Git, Linux, Flask, Docker, Python, REST API. I enjoy tackling challenging tasks and delivering high-quality results.",Python Developer,"Git, Linux, Flask, Docker, Python, REST API",7
Judy Johnson,"I am a Frontend Developer with 5 years of experience. I have strong expertise in Angular, CSS, Redux, Bootstrap, Vue.js. I have successfully delivered multiple projects and am eager to contribute my skills.",Frontend Developer,"Angular, CSS, Redux, Bootstrap, Vue.js",5
Noah Taylor,"I am a Machine Learning Engineer with 15 years of experience. I have strong expertise in NLP, Keras, TensorFlow, Scikit-Learn, Pandas. I have successfully delivered multiple projects and am eager to contribute my skills.",Machine Learning Engineer,"NLP, Keras, TensorFlow, Scikit-Learn, Pandas",15
Judy Green,"I am a Machine Learning Engineer with 1 years of experience. I have strong expertise in Deep Learning, Scikit-Learn, NLP, Computer Vision. I have successfully delivered multiple projects and am eager to contribute my skills.",Machine Learning Engineer,"Deep Learning, Scikit-Learn, NLP, Computer Vision",1
Amelia White,"Experienced Data Analyst skilled in Excel, Statistics, Python, R, Data Visualization. Over 11 years of hands-on experience building robust solutions and working collaboratively in agile teams.",Data Analyst,"Excel, Statistics, Python, R, Data Visualization",11
Grace Thomas,"I am a Machine Learning Engineer with 1 years of experience. I have strong expertise in MLOps, Scikit-Learn, AWS, Deep Learning. I have successfully delivered multiple projects and am eager to contribute my skills.",Machine Learning Engineer,"MLOps, Scikit-Learn, AWS, Deep Learning",1
Alice Miller,"Dedicated professional working as a Data Analyst for 5 years. My core competencies include Data Cleaning, Excel, R, Tableau, Statistics. I enjoy tackling challenging tasks and delivering high-quality results.",Data Analyst,"Data Cleaning, Excel, R, Tableau, Statistics",5
Sophia Moore,"I am a Python Developer with 5 years of experience. I have strong expertise in REST API, FastAPI, Docker, Python. I have successfully delivered multiple projects and am eager to contribute my skills.",Python Developer,"REST API, FastAPI, Docker, Python",5
John Scott,"Experienced Frontend Developer skilled in JavaScript, Tailwind CSS, Webpack, Vue.js, Redux. Over 7 years of hands-on experience building robust solutions and working collaboratively in agile teams.",Frontend Developer,"JavaScript, Tailwind CSS, Webpack, Vue.js, Redux",7
John Allen,"Results-driven Backend Developer bringing 11 years of industry experience. Proficient in Java, Redis, Express. Always looking to learn and grow in a dynamic environment.",Backend Developer,"Java, Redis, Express",11
Mallory Garcia,"Passionate Data Analyst with a solid foundation in SQL, Statistics, Excel, Tableau. With 3 years of professional background, I focus on writing clean, maintainable code and solving complex problems.",Data Analyst,"SQL, Statistics, Excel, Tableau",3
Frank Martin,"Passionate Backend Developer with a solid foundation in Express, .NET, Docker, Node.js. With 13 years of professional background, I focus on writing clean, maintainable code and solving complex problems.",Backend Developer,"Express, .NET, Docker, Node.js",13
Jane Robinson,"I am a Frontend Developer with 2 years of experience. I have strong expertise in Vue.js, Webpack, TypeScript, JavaScript, Tailwind CSS, Angular. I have successfully delivered multiple projects and am eager to contribute my skills.",Frontend Developer,"Vue.js, Webpack, TypeScript, JavaScript, Tailwind CSS, Angular",2
Judy Smith,"Dedicated professional working as a Frontend Developer for 7 years. My core competencies include TypeScript, Vue.js, CSS, Webpack, Redux, JavaScript. I enjoy tackling challenging tasks and delivering high-quality results.",Frontend Developer,"TypeScript, Vue.js, CSS, Webpack, Redux, JavaScript",7
Olivia Thompson,"I am a Frontend Developer with 1 years of experience. I have strong expertise in TypeScript, Webpack, React. I have successfully delivered multiple projects and am eager to contribute my skills.",Frontend Developer,"TypeScript, Webpack, React",1
Judy Jackson,"Experienced Data Analyst skilled in SQL, R, Excel, Power BI. Over 7 years of hands-on experience building robust solutions and working collaboratively in agile teams.",Data Analyst,"SQL, R, Excel, Power BI",7
Zoe Anderson,"Results-driven Machine Learning Engineer bringing 7 years of industry experience. Proficient in Pandas, Deep Learning, Keras. Always looking to learn and grow in a dynamic environment.",Machine Learning Engineer,"Pandas, Deep Learning, Keras",7
Amelia Wright,"I am a Frontend Developer with 5 years of experience. I have strong expertise in React, Redux, Tailwind CSS, Webpack, Angular, CSS. I have successfully delivered multiple projects and am eager to contribute my skills.",Frontend Developer,"React, Redux, Tailwind CSS, Webpack, Angular, CSS",5
Harper Hill,"I am a Data Analyst with 3 years of experience. I have strong expertise in Python, Data Cleaning, Power BI. I have successfully delivered multiple projects and am eager to contribute my skills.",Data Analyst,"Python, Data Cleaning, Power BI",3
Trent King,"Results-driven Data Analyst bringing 12 years of industry experience. Proficient in Data Cleaning, Python, Power BI. Always looking to learn and grow in a dynamic environment.",Data Analyst,"Data Cleaning, Python, Power BI",12
Arthur White,"Results-driven Frontend Developer bringing 13 years of industry experience. Proficient in TypeScript, Vue.js, Redux. Always looking to learn and grow in a dynamic environment.",Frontend Developer,"TypeScript, Vue.js, Redux",13
Walter Lopez,"Experienced Backend Developer skilled in Microservices, Node.js, Redis, Python. Over 14 years of hands-on experience building robust solutions and working collaboratively in agile teams.",Backend Developer,"Microservices, Node.js, Redis, Python",14
John Harris,"Experienced Machine Learning Engineer skilled in NLP, Scikit-Learn, TensorFlow. Over 11 years of hands-on experience building robust solutions and working collaboratively in agile teams.",Machine Learning Engineer,"NLP, Scikit-Learn, TensorFlow",11
Harper Rodriguez,"I am a Machine Learning Engineer with 1 years of experience. I have strong expertise in TensorFlow, Python, NLP, Deep Learning, Pandas, MLOps. I have successfully delivered multiple projects and am eager to contribute my skills.",Machine Learning Engineer,"TensorFlow, Python, NLP, Deep Learning, Pandas, MLOps",1
Sam Thomas,"Results-driven Machine Learning Engineer bringing 9 years of industry experience. Proficient in Scikit-Learn, TensorFlow, NLP, Pandas, PyTorch, AWS. Always looking to learn and grow in a dynamic environment.",Machine Learning Engineer,"Scikit-Learn, TensorFlow, NLP, Pandas, PyTorch, AWS",9
Zoe Rodriguez,"Passionate Frontend Developer with a solid foundation in TypeScript, Angular, React. With 11 years of professional background, I focus on writing clean, maintainable code and solving complex problems.",Frontend Developer,"TypeScript, Angular, React",11
John Davis,"I am a Python Developer with 5 years of experience. I have strong expertise in REST API, PostgreSQL, Python, Testing, Flask. I have successfully delivered multiple projects and am eager to contribute my skills.",Python Developer,"REST API, PostgreSQL, Python, Testing, Flask",5
Heidi Garcia,"Dedicated professional working as a Data Analyst for 11 years. My core competencies include Python, Statistics, Power BI. I enjoy tackling challenging tasks and delivering high-quality results.",Data Analyst,"Python, Statistics, Power BI",11
Mason Allen,"Experienced Frontend Developer skilled in Bootstrap, Webpack, JavaScript, Tailwind CSS. Over 8 years of hands-on experience building robust solutions and working collaboratively in agile teams.",Frontend Developer,"Bootstrap, Webpack, JavaScript, Tailwind CSS",8
Benjamin Williams,"Results-driven Machine Learning Engineer bringing 9 years of industry experience. Proficient in TensorFlow, Scikit-Learn, Keras, PyTorch. Always looking to learn and grow in a dynamic environment.",Machine Learning Engineer,"TensorFlow, Scikit-Learn, Keras, PyTorch",9
Eve Green,"I am a Data Analyst with 2 years of experience. I have strong expertise in Excel, Statistics, R. I have successfully delivered multiple projects and am eager to contribute my skills.",Data Analyst,"Excel, Statistics, R",2
Mallory Johnson,"Passionate Frontend Developer with a solid foundation in CSS, JavaScript, TypeScript. With 9 years of professional background, I focus on writing clean, maintainable code and solving complex problems.",Frontend Developer,"CSS, JavaScript, TypeScript",9
Mason Martinez,"Dedicated professional working as a Data Analyst for 7 years. My core competencies include Tableau, Statistics, Data Visualization, R, Pandas, Power BI. I enjoy tackling challenging tasks and delivering high-quality results.",Data Analyst,"Tableau, Statistics, Data Visualization, R, Pandas, Power BI",7
Lucas Johnson,"Experienced Data Analyst skilled in SQL, Excel, Tableau, R. Over 11 years of hands-on experience building robust solutions and working collaboratively in agile teams.",Data Analyst,"SQL, Excel, Tableau, R",11
Lucas Garcia,"Passionate Data Analyst with a solid foundation in SQL, R, Statistics. With 10 years of professional background, I focus on writing clean, maintainable code and solving complex problems.",Data Analyst,"SQL, R, Statistics",10
Diana Martinez,"I am a Data Analyst with 3 years of experience. I have strong expertise in Data Cleaning, Statistics, Tableau. I have successfully delivered multiple projects and am eager to contribute my skills.",Data Analyst,"Data Cleaning, Statistics, Tableau",3
Mason Martinez,"Experienced Python Developer skilled in Python, Flask, Docker, Git. Over 6 years of hands-on experience building robust solutions and working collaboratively in agile teams.",Python Developer,"Python, Flask, Docker, Git",6
Victor Johnson,"Passionate Machine Learning Engineer with a solid foundation in AWS, Scikit-Learn, PyTorch, Pandas. With 15 years of professional background, I focus on writing clean, maintainable code and solving complex problems.",Machine Learning Engineer,"AWS, Scikit-Learn, PyTorch, Pandas",15
